,"WeaponType","ModSlot","Variant","ModifiedStatName","MaxModificationValue","ModificationIncreaseDecayFactor"
1,0,"0",0,"WeaponCritDamageMultiplier",.05,.2
2,0,"0",0,"WeaponAccuracy",.01,.2
3,0,"0",1,"WeaponAccuracy",.01,.2
4,0,"0",1,"WeaponCritDamageMultiplier",.05,.2
5,0,"0",2,"WeaponRange",.625000000000001,.2
6,0,"0",2,"WeaponCritChance",5,.2
7,0,"1",0,"WeaponCritChance",5,.2
8,0,"1",0,"WeaponAccuracy",.01,.2
9,0,"1",1,"WeaponAccuracy",.01,.2
10,0,"1",1,"WeaponDamage",57.5,.2
11,0,"1",2,"WeaponRange",.625000000000001,.2
12,0,"1",2,"WeaponDamage",57.5,.2
13,0,2,0,"WeaponDamage",57.5,.2
14,0,2,0,"WeaponRange",.625000000000001,.2
15,0,2,1,"WeaponCritChance",5,.2
16,0,2,1,"WeaponCritDamageMultiplier",.05,.2
17,0,2,2,"WeaponAccuracy",.01,.2
18,0,2,2,"WeaponRange",.625000000000001,.2
19,0,3,0,"WeaponCritDamageMultiplier",.05,.2
20,0,3,0,"WeaponMagazineSize",1,.2
21,0,3,1,"WeaponDamage",57.5,.2
22,0,3,1,"WeaponCritChance",5,.2
23,0,3,2,"WeaponMagazineSize",1,.2
24,0,3,2,"WeaponRange",.625000000000001,.2
25,0,3,2,"WeaponDamage",57.5,.2
26,16,0,0,"WeaponDamage",66,.2
27,16,0,0,"WeaponAccuracy",.01,.2
28,16,0,1,"WeaponCritDamageMultiplier",.05,.2
29,16,0,1,"WeaponAccuracy",.01,.2
30,16,0,2,"WeaponRange",.575000000000001,.2
31,16,0,2,"WeaponCritDamageMultiplier",.05,.2
32,16,1,0,"WeaponDamage",66,.2
33,16,1,0,"WeaponRange",.575000000000001,.2
34,16,1,1,"WeaponAccuracy",.01,.2
35,16,1,1,"WeaponCritChance",5,.2
36,16,1,2,"WeaponCritChance",5,.2
37,16,1,2,"WeaponCritDamageMultiplier",.05,.2
38,16,2,0,"WeaponCritDamageMultiplier",.05,.2
39,16,2,0,"WeaponAccuracy",.01,.2
40,16,2,1,"WeaponCritChance",5,.2
41,16,2,1,"WeaponDamage",66,.2
42,16,2,2,"WeaponRange",.575000000000001,.2
43,16,2,2,"WeaponCritChance",5,.2
44,16,3,0,"WeaponCritDamageMultiplier",.05,.2
45,16,3,0,"WeaponRange",.575000000000001,.2
46,16,3,1,"WeaponAccuracy",.01,.2
47,16,3,1,"WeaponMagazineSize",1,.2
48,16,3,2,"WeaponDamage",66,.2
49,16,3,2,"WeaponRange",.575000000000001,.2
50,1,0,0,"WeaponCritDamageMultiplier",.05,.2
51,1,0,0,"WeaponAccuracy",.01,.2
52,1,0,1,"WeaponCritChance",8.75,.2
53,1,0,1,"WeaponRange",.5,.2
54,1,0,2,"WeaponAccuracy",.01,.2
55,1,0,2,"WeaponCritDamageMultiplier",.05,.2
56,1,1,0,"WeaponDamage",98.5,.2
57,1,1,0,"WeaponRange",.5,.2
58,1,1,1,"WeaponCritChance",8.75,.2
59,1,1,1,"WeaponRange",.5,.2
60,1,1,2,"WeaponAccuracy",.01,.2
61,1,1,2,"WeaponCritChance",8.75,.2
62,1,2,0,"WeaponDamage",98.5,.2
63,1,2,0,"WeaponAccuracy",.01,.2
64,1,2,1,"WeaponCritChance",8.75,.2
65,1,2,1,"WeaponCritDamageMultiplier",.05,.2
66,1,2,2,"WeaponRange",.5,.2
67,1,2,2,"WeaponCritChance",8.75,.2
68,1,3,0,"WeaponCritDamageMultiplier",.05,.2
69,1,3,0,"WeaponRange",.5,.2
70,1,3,1,"WeaponDamage",98.5,.2
71,1,3,1,"WeaponAccuracy",.01,.2
72,1,3,2,"WeaponMagazineSize",1,.2
73,1,3,2,"WeaponRange",.5,.2
74,1,3,2,"WeaponDamage",98.5,.2
75,8,0,0,"WeaponCritDamageMultiplier",.05,.2
76,8,0,0,"WeaponRange",.625000000000001,.2
77,8,0,1,"WeaponAccuracy",.005,.2
78,8,0,1,"WeaponDamage",97.5,.2
79,8,0,2,"WeaponRange",.625000000000001,.2
80,8,0,2,"WeaponCritDamageMultiplier",.05,.2
81,8,1,0,"WeaponDamage",97.5,.2
82,8,1,0,"WeaponAccuracy",.005,.2
83,8,1,1,"WeaponCritChance",5,.2
84,8,1,1,"WeaponRange",.625000000000001,.2
85,8,1,2,"WeaponCritDamageMultiplier",.05,.2
86,8,1,2,"WeaponAccuracy",.005,.2
87,8,2,0,"WeaponCritDamageMultiplier",.05,.2
88,8,2,0,"WeaponRange",.625000000000001,.2
89,8,2,1,"WeaponCritChance",5,.2
90,8,2,1,"WeaponRange",.625000000000001,.2
91,8,2,2,"WeaponDamage",97.5,.2
92,8,2,2,"WeaponCritChance",5,.2
93,8,3,0,"WeaponMagazineSize",1,.2
94,8,3,0,"WeaponDamage",97.5,.2
95,8,3,0,"WeaponRange",.625000000000001,.2
96,8,3,1,"WeaponMagazineSize",1,.2
97,8,3,1,"WeaponAccuracy",.005,.2
98,8,3,2,"WeaponAccuracy",.005,.2
99,8,3,2,"WeaponRange",.625000000000001,.2
100,8,3,2,"WeaponDamage",97.5,.2
101,4,0,0,"WeaponDamage",77.25,.2
102,4,0,0,"WeaponRange",.775000000000001,.2
103,4,0,1,"WeaponAccuracy",.01,.2
104,4,0,1,"WeaponCritDamageMultiplier",6.25000000000001E-02,.2
105,4,0,2,"WeaponRange",.775000000000001,.2
106,4,0,2,"WeaponDamage",77.25,.2
107,4,1,0,"WeaponCritDamageMultiplier",6.25000000000001E-02,.2
108,4,1,0,"WeaponAccuracy",.01,.2
109,4,1,1,"WeaponCritChance",7.5,.2
110,4,1,1,"WeaponDamage",77.25,.2
111,4,1,2,"WeaponAccuracy",.01,.2
112,4,1,2,"WeaponCritDamageMultiplier",6.25000000000001E-02,.2
113,4,2,0,"WeaponCritDamageMultiplier",6.25000000000001E-02,.2
114,4,2,0,"WeaponRange",.775000000000001,.2
115,4,2,1,"WeaponCritChance",7.5,.2
116,4,2,1,"WeaponDamage",77.25,.2
117,4,2,2,"WeaponAccuracy",.01,.2
118,4,2,2,"WeaponRange",.775000000000001,.2
119,4,3,0,"WeaponCritDamageMultiplier",6.25000000000001E-02,.2
120,4,3,0,"WeaponMagazineSize",1,.2
121,4,3,1,"WeaponCritChance",7.5,.2
122,4,3,1,"WeaponMagazineSize",1,.2
123,4,3,2,"WeaponRange",.775000000000001,.2
124,4,3,2,"WeaponAccuracy",.01,.2
125,6,6,0,"WeaponDamage",180,.2
126,6,6,0,"WeaponAccuracy",.04,.2
127,0,"0",0,"WeaponDamage",57.5,.2
128,0,"0",1,"WeaponDamage",57.5,.2
129,0,0,2,"WeaponDamage",57.5,.2
130,0,1,0,"WeaponDamage",57.5,.2
131,0,2,1,"WeaponDamage",57.5,.2
132,0,2,2,"WeaponDamage",57.5,.2
133,0,3,0,"WeaponDamage",57.5,.2
134,16,"0",1,"WeaponDamage",66,.2
135,16,0,2,"WeaponDamage",66,.2
136,16,1,1,"WeaponDamage",66,.2
137,16,1,2,"WeaponDamage",66,.2
138,16,2,0,"WeaponDamage",66,.2
139,16,2,2,"WeaponDamage",66,.2
140,16,3,0,"WeaponDamage",66,.2
141,16,3,1,"WeaponDamage",66,.2
142,1,"0",0,"WeaponDamage",98.5,.2
143,1,"0",1,"WeaponDamage",98.5,.2
144,1,0,2,"WeaponDamage",98.5,.2
145,1,1,1,"WeaponDamage",98.5,.2
146,1,1,2,"WeaponDamage",98.5,.2
147,1,2,1,"WeaponDamage",98.5,.2
148,1,2,2,"WeaponDamage",98.5,.2
149,1,3,0,"WeaponDamage",98.5,.2
150,4,"0",1,"WeaponDamage",77.25,.2
151,4,1,0,"WeaponDamage",77.25,.2
152,4,1,2,"WeaponDamage",77.25,.2
153,4,2,0,"WeaponDamage",77.25,.2
154,4,2,2,"WeaponDamage",77.25,.2
155,4,3,0,"WeaponDamage",77.25,.2
156,4,3,1,"WeaponDamage",77.25,.2
157,4,3,2,"WeaponDamage",77.25,.2
158,8,"0",0,"WeaponDamage",97.5,.2
159,8,0,2,"WeaponDamage",97.5,.2
160,8,1,1,"WeaponDamage",97.5,.2
161,8,1,2,"WeaponDamage",97.5,.2
162,8,2,0,"WeaponDamage",97.5,.2
163,8,2,1,"WeaponDamage",97.5,.2
164,8,3,1,"WeaponDamage",97.5,.2
165,7,6,1,"WeaponDamage",500,.2
166,7,6,0,"WeaponHealing",150,.2
167,15,6,0,"WeaponHealing",150,.2
168,15,6,1,"WeaponDamage",500,.2
