,"ArmourClass","ArmourSet","ModifiedStatName","MaxModificationValue","ModificationIncreaseDecayFactor"
1,0,0,"Health",90,.2
2,0,0,"MovementAllowance",0,.2
3,0,1,"Health",90,.2
4,0,2,"Health",90,.2
5,1,0,"Health",90,.2
6,1,0,"Resilience",.1,.2
7,1,1,"Health",90,.2
8,1,1,"Resilience",.1,.2
9,1,2,"Health",90,.2
10,1,2,"Resilience",.1,.2
11,2,0,"Resilience",.1,.2
12,2,0,"MovementAllowance",0,.2
13,2,1,"Resilience",.1,.2
14,2,2,"Resilience",.1,.2
15,3,0,"Evasion",.5,.2
16,3,0,"MovementAllowance",0,.2
17,3,1,"Evasion",.5,.2
18,3,2,"Evasion",.5,.2
19,4,0,"Evasion",.5,.2
20,4,0,"MovementAllowance",0,.2
21,4,1,"Evasion",.5,.2
22,4,2,"Evasion",.5,.2
23,5,0,"Health",90,.2
24,5,0,"DefenseValue",18,.2
25,5,1,"Health",90,.2
26,5,1,"DefenseValue",18,.2
27,5,2,"Health",90,.2
28,5,2,"DefenseValue",18,.2
29,6,0,"DefenseValue",18,.2
30,6,0,"Evasion",.5,.2
31,6,1,"DefenseValue",18,.2
32,6,1,"Evasion",.5,.2
33,6,2,"DefenseValue",18,.2
34,6,2,"Evasion",.5,.2
35,7,0,"DefenseValue",18,.2
36,7,0,"MovementAllowance",0,.2
37,7,1,"DefenseValue",18,.2
38,7,2,"DefenseValue",18,.2
39,8,0,"Health",90,.2
40,8,0,"DefenseValue",18,.2
41,8,1,"Health",90,.2
42,8,1,"DefenseValue",18,.2
43,8,2,"Health",90,.2
44,8,2,"DefenseValue",18,.2
45,9,0,"Health",90,.2
46,9,0,"Evasion",.5,.2
47,9,1,"Health",90,.2
48,9,1,"Evasion",.5,.2
49,9,2,"Health",90,.2
50,9,2,"Evasion",.5,.2
